{
  "hash": "60cb4bfb",
  "configHash": "452daf7d",
  "lockfileHash": "77fcab17",
  "browserHash": "bc810375",
  "optimized": {
    "@angular/core": {
      "src": "../../../../../node_modules/@angular/core/fesm2022/core.mjs",
      "file": "@angular_core.js",
      "fileHash": "d22a574c",
      "needsInterop": false
    },
    "@angular/platform-browser": {
      "src": "../../../../../node_modules/@angular/platform-browser/fesm2022/platform-browser.mjs",
      "file": "@angular_platform-browser.js",
      "fileHash": "19988450",
      "needsInterop": false
    },
    "@angular/router": {
      "src": "../../../../../node_modules/@angular/router/fesm2022/router.mjs",
      "file": "@angular_router.js",
      "fileHash": "fff9ab9f",
      "needsInterop": false
    }
  },
  "chunks": {
    "chunk-ZQYC46LV": {
      "file": "chunk-ZQYC46LV.js"
    },
    "chunk-7XNSWP76": {
      "file": "chunk-7XNSWP76.js"
    }
  }
}